<?xml version="1.0" encoding="utf-8"?>
<rdf:RDF
   xmlns:rdf="http://www.w3.org/1999/02/22-rdf-syntax-ns#"
   xmlns:sbol="http://sbols.org/v3#"
>
  <rdf:Description rdf:about="http://sbolstandard.org/testfiles0/seq_WATER">
    <sbol:displayId>seq_WATER</sbol:displayId>
    <rdf:type rdf:resource="http://sbols.org/v3#Sequence"/>
    <sbol:hasNamespace rdf:resource="http://sbolstandard.org/testfiles0"/>
    <sbol:elements>InChI=1S/H2O/h1H2</sbol:elements>
    <sbol:encoding rdf:resource="https://identifiers.org/edam:format_1197"/>
  </rdf:Description>
  <rdf:Description rdf:about="http://sbolstandard.org/testfiles0/r_13_PROPANEDIOL_DEHYDROGENASE_RXN_rev/SubComponent2">
    <sbol:displayId>SubComponent2</sbol:displayId>
    <rdf:type rdf:resource="http://sbols.org/v3#SubComponent"/>
    <sbol:role rdf:resource="https://identifiers.org/SBO:0000010"/>
    <sbol:instanceOf rdf:resource="http://sbolstandard.org/testfiles0/c_HYDROXYPROPANAL"/>
  </rdf:Description>
  <rdf:Description rdf:about="http://sbolstandard.org/testfiles0/r_GLYCEROL_DEHYDRATASE_RXN/SubComponent3">
    <sbol:displayId>SubComponent3</sbol:displayId>
    <rdf:type rdf:resource="http://sbols.org/v3#SubComponent"/>
    <sbol:role rdf:resource="https://identifiers.org/SBO:0000011"/>
    <sbol:instanceOf rdf:resource="http://sbolstandard.org/testfiles0/c_WATER"/>
  </rdf:Description>
  <rdf:Description rdf:about="http://sbolstandard.org/testfiles0/r_13_PROPANEDIOL_DEHYDROGENASE_RXN_rev/SubComponent1">
    <sbol:displayId>SubComponent1</sbol:displayId>
    <rdf:type rdf:resource="http://sbols.org/v3#SubComponent"/>
    <sbol:role rdf:resource="https://identifiers.org/SBO:0000010"/>
    <sbol:instanceOf rdf:resource="http://sbolstandard.org/testfiles0/c_PROTON"/>
  </rdf:Description>
  <rdf:Description rdf:about="http://sbolstandard.org/testfiles0/r_13_PROPANEDIOL_DEHYDROGENASE_RXN_rev/SubComponent3">
    <sbol:displayId>SubComponent3</sbol:displayId>
    <rdf:type rdf:resource="http://sbols.org/v3#SubComponent"/>
    <sbol:role rdf:resource="https://identifiers.org/SBO:0000010"/>
    <sbol:instanceOf rdf:resource="http://sbolstandard.org/testfiles0/c_NADH"/>
  </rdf:Description>
  <rdf:Description rdf:about="http://sbolstandard.org/testfiles0/r_GLYCEROL_DEHYDRATASE_RXN">
    <sbol:displayId>r_GLYCEROL_DEHYDRATASE_RXN</sbol:displayId>
    <rdf:type rdf:resource="http://sbols.org/v3#Component"/>
    <sbol:hasNamespace rdf:resource="http://sbolstandard.org/testfiles0"/>
    <sbol:type rdf:resource="https://identifiers.org/SBO:0000176"/>
    <sbol:hasFeature rdf:resource="http://sbolstandard.org/testfiles0/r_GLYCEROL_DEHYDRATASE_RXN/SubComponent1"/>
    <sbol:hasFeature rdf:resource="http://sbolstandard.org/testfiles0/r_GLYCEROL_DEHYDRATASE_RXN/SubComponent2"/>
    <sbol:hasFeature rdf:resource="http://sbolstandard.org/testfiles0/r_GLYCEROL_DEHYDRATASE_RXN/SubComponent3"/>
    <sbol:hasInteraction rdf:resource="http://sbolstandard.org/testfiles0/r_GLYCEROL_DEHYDRATASE_RXN/Interaction1"/>
  </rdf:Description>
  <rdf:Description rdf:about="http://sbolstandard.org/testfiles0/r_13_PROPANEDIOL_DEHYDROGENASE_RXN_rev">
    <sbol:displayId>r_13_PROPANEDIOL_DEHYDROGENASE_RXN_rev</sbol:displayId>
    <rdf:type rdf:resource="http://sbols.org/v3#Component"/>
    <sbol:hasNamespace rdf:resource="http://sbolstandard.org/testfiles0"/>
    <sbol:type rdf:resource="https://identifiers.org/SBO:0000176"/>
    <sbol:hasFeature rdf:resource="http://sbolstandard.org/testfiles0/r_13_PROPANEDIOL_DEHYDROGENASE_RXN_rev/SubComponent1"/>
    <sbol:hasFeature rdf:resource="http://sbolstandard.org/testfiles0/r_13_PROPANEDIOL_DEHYDROGENASE_RXN_rev/SubComponent2"/>
    <sbol:hasFeature rdf:resource="http://sbolstandard.org/testfiles0/r_13_PROPANEDIOL_DEHYDROGENASE_RXN_rev/SubComponent3"/>
    <sbol:hasFeature rdf:resource="http://sbolstandard.org/testfiles0/r_13_PROPANEDIOL_DEHYDROGENASE_RXN_rev/SubComponent4"/>
    <sbol:hasFeature rdf:resource="http://sbolstandard.org/testfiles0/r_13_PROPANEDIOL_DEHYDROGENASE_RXN_rev/SubComponent5"/>
    <sbol:hasInteraction rdf:resource="http://sbolstandard.org/testfiles0/r_13_PROPANEDIOL_DEHYDROGENASE_RXN_rev/Interaction1"/>
  </rdf:Description>
  <rdf:Description rdf:about="http://sbolstandard.org/testfiles0/pathway">
    <sbol:displayId>pathway</sbol:displayId>
    <sbol:description>theoretical_yield = 999.9999999999999//eng_atp = -11.014011710421101//nad_aerobic = -1004.7135914585106//nadp_aerobic = -1000.8369783867598//fva_dif_aerobic = 271012.3312294354//yield_anaerobic = 1000.0//anaerobic_atp_use = -11.35992341410725//anaerobic_nad_use = -1010.8926001448256//anaerobic_nadp_use = -1000.0857111302597//fva_dif_anaerobic = 109055.52912599412//index = 0//model = iML1515</sbol:description>
    <rdf:type rdf:resource="http://sbols.org/v3#Collection"/>
    <sbol:hasNamespace rdf:resource="http://sbolstandard.org/testfiles0"/>
    <sbol:member rdf:resource="http://sbolstandard.org/testfiles0/r_13_PROPANEDIOL_DEHYDROGENASE_RXN_rev"/>
    <sbol:member rdf:resource="http://sbolstandard.org/testfiles0/r_GLYCEROL_DEHYDRATASE_RXN"/>
  </rdf:Description>
  <rdf:Description rdf:about="http://sbolstandard.org/testfiles0/seq_NADH">
    <sbol:displayId>seq_NADH</sbol:displayId>
    <rdf:type rdf:resource="http://sbols.org/v3#Sequence"/>
    <sbol:hasNamespace rdf:resource="http://sbolstandard.org/testfiles0"/>
    <sbol:elements>InChI=1S/C21H29N7O14P2/c22-17-12-19(25-7-24-17)28(8-26-12)21-16(32)14(30)11(41-21)6-39-44(36,37)42-43(34,35)38-5-10-13(29)15(31)20(40-10)27-3-1-2-9(4-27)18(23)33/h1,3-4,7-8,10-11,13-16,20-21,29-32H,2,5-6H2,(H2,23,33)(H,34,35)(H,36,37)(H2,22,24,25)/p-2/t10-,11-,13-,14-,15-,16-,20-,21-/m1/s1</sbol:elements>
    <sbol:encoding rdf:resource="https://identifiers.org/edam:format_1197"/>
  </rdf:Description>
  <rdf:Description rdf:about="http://sbolstandard.org/testfiles0/r_GLYCEROL_DEHYDRATASE_RXN/Interaction1">
    <sbol:displayId>Interaction1</sbol:displayId>
    <rdf:type rdf:resource="http://sbols.org/v3#Interaction"/>
    <sbol:type rdf:resource="rxn1"/>
  </rdf:Description>
  <rdf:Description rdf:about="http://sbolstandard.org/testfiles0/r_13_PROPANEDIOL_DEHYDROGENASE_RXN_rev/SubComponent5">
    <sbol:displayId>SubComponent5</sbol:displayId>
    <rdf:type rdf:resource="http://sbols.org/v3#SubComponent"/>
    <sbol:role rdf:resource="https://identifiers.org/SBO:0000011"/>
    <sbol:instanceOf rdf:resource="http://sbolstandard.org/testfiles0/c_NAD"/>
  </rdf:Description>
  <rdf:Description rdf:about="http://sbolstandard.org/testfiles0/seq_PROTON">
    <sbol:displayId>seq_PROTON</sbol:displayId>
    <rdf:type rdf:resource="http://sbols.org/v3#Sequence"/>
    <sbol:hasNamespace rdf:resource="http://sbolstandard.org/testfiles0"/>
    <sbol:elements>InChI=1S/p+1</sbol:elements>
    <sbol:encoding rdf:resource="https://identifiers.org/edam:format_1197"/>
  </rdf:Description>
  <rdf:Description rdf:about="http://sbolstandard.org/testfiles0/seq_NAD">
    <sbol:displayId>seq_NAD</sbol:displayId>
    <rdf:type rdf:resource="http://sbols.org/v3#Sequence"/>
    <sbol:hasNamespace rdf:resource="http://sbolstandard.org/testfiles0"/>
    <sbol:elements>InChI=1S/C21H27N7O14P2/c22-17-12-19(25-7-24-17)28(8-26-12)21-16(32)14(30)11(41-21)6-39-44(36,37)42-43(34,35)38-5-10-13(29)15(31)20(40-10)27-3-1-2-9(4-27)18(23)33/h1-4,7-8,10-11,13-16,20-21,29-32H,5-6H2,(H5-,22,23,24,25,33,34,35,36,37)/p-1/t10-,11-,13-,14-,15-,16-,20-,21-/m1/s1</sbol:elements>
    <sbol:encoding rdf:resource="https://identifiers.org/edam:format_1197"/>
  </rdf:Description>
  <rdf:Description rdf:about="http://sbolstandard.org/testfiles0/seq_HYDROXYPROPANAL">
    <sbol:displayId>seq_HYDROXYPROPANAL</sbol:displayId>
    <rdf:type rdf:resource="http://sbols.org/v3#Sequence"/>
    <sbol:hasNamespace rdf:resource="http://sbolstandard.org/testfiles0"/>
    <sbol:elements>InChI=1S/C3H6O2/c4-2-1-3-5/h2,5H,1,3H2</sbol:elements>
    <sbol:encoding rdf:resource="https://identifiers.org/edam:format_1197"/>
  </rdf:Description>
  <rdf:Description rdf:about="http://sbolstandard.org/testfiles0/seq_GLYCEROL">
    <sbol:displayId>seq_GLYCEROL</sbol:displayId>
    <rdf:type rdf:resource="http://sbols.org/v3#Sequence"/>
    <sbol:hasNamespace rdf:resource="http://sbolstandard.org/testfiles0"/>
    <sbol:elements>InChI=1S/C3H8O3/c4-1-3(6)2-5/h3-6H,1-2H2</sbol:elements>
    <sbol:encoding rdf:resource="https://identifiers.org/edam:format_1197"/>
  </rdf:Description>
  <rdf:Description rdf:about="http://sbolstandard.org/testfiles0/r_13_PROPANEDIOL_DEHYDROGENASE_RXN_rev/Interaction1">
    <sbol:displayId>Interaction1</sbol:displayId>
    <rdf:type rdf:resource="http://sbols.org/v3#Interaction"/>
    <sbol:type rdf:resource="rxn0"/>
  </rdf:Description>
  <rdf:Description rdf:about="http://sbolstandard.org/testfiles0/r_GLYCEROL_DEHYDRATASE_RXN/SubComponent1">
    <sbol:displayId>SubComponent1</sbol:displayId>
    <rdf:type rdf:resource="http://sbols.org/v3#SubComponent"/>
    <sbol:role rdf:resource="https://identifiers.org/SBO:0000010"/>
    <sbol:instanceOf rdf:resource="http://sbolstandard.org/testfiles0/c_GLYCEROL"/>
  </rdf:Description>
  <rdf:Description rdf:about="http://sbolstandard.org/testfiles0/seq_CPD_347">
    <sbol:displayId>seq_CPD_347</sbol:displayId>
    <rdf:type rdf:resource="http://sbols.org/v3#Sequence"/>
    <sbol:hasNamespace rdf:resource="http://sbolstandard.org/testfiles0"/>
    <sbol:elements>InChI=1S/C3H8O2/c4-2-1-3-5/h4-5H,1-3H2</sbol:elements>
    <sbol:encoding rdf:resource="https://identifiers.org/edam:format_1197"/>
  </rdf:Description>
  <rdf:Description rdf:about="http://sbolstandard.org/testfiles0/r_13_PROPANEDIOL_DEHYDROGENASE_RXN_rev/SubComponent4">
    <sbol:displayId>SubComponent4</sbol:displayId>
    <rdf:type rdf:resource="http://sbols.org/v3#SubComponent"/>
    <sbol:role rdf:resource="https://identifiers.org/SBO:0000011"/>
    <sbol:instanceOf rdf:resource="http://sbolstandard.org/testfiles0/c_CPD_347"/>
  </rdf:Description>
  <rdf:Description rdf:about="http://sbolstandard.org/testfiles0/r_GLYCEROL_DEHYDRATASE_RXN/SubComponent2">
    <sbol:displayId>SubComponent2</sbol:displayId>
    <rdf:type rdf:resource="http://sbols.org/v3#SubComponent"/>
    <sbol:role rdf:resource="https://identifiers.org/SBO:0000011"/>
    <sbol:instanceOf rdf:resource="http://sbolstandard.org/testfiles0/c_HYDROXYPROPANAL"/>
  </rdf:Description>
</rdf:RDF>
